<?xml version="1.0" encoding="UTF-8"?>
<project-private xmlns="http://www.netbeans.org/ns/project-private/1">
    <editor-bookmarks xmlns="http://www.netbeans.org/ns/editor-bookmarks/2" lastBookmarkId="0"/>
    <open-files xmlns="http://www.netbeans.org/ns/projectui-open-files/2">
        <group>
            <file>file:/D:/Coding%20Project/JavaProject/Workshop/PRO192_HE172579_Nguyen%20Dinh%20Nghia/src/CompareThePlayer/Solution5.java</file>
            <file>file:/D:/Coding%20Project/JavaProject/Workshop/PRO192_HE172579_Nguyen%20Dinh%20Nghia/src/CheckingPrime/Solution6.java</file>
            <file>file:/D:/Coding%20Project/JavaProject/Workshop/PRO192_HE172579_Nguyen%20Dinh%20Nghia/src/PrivateAccess/Solution8.java</file>
            <file>file:/D:/Coding%20Project/JavaProject/Workshop/PRO192_HE172579_Nguyen%20Dinh%20Nghia/src/VolumeCalculator/Solution7.java</file>
        </group>
    </open-files>
</project-private>
